<markers>
        <marker label="&lt;a href=lookrock/index.html&gt;Look Rock&lt;/a&gt;" lat="35.63101775866038" lng="-83.94005298614502" />
        <marker label="&lt;a href=cades-cove/index.html>Cades Cove&lt;/a&gt;" lat="35.6042" lng="-83.7752" />
        <marker label="&lt;a href=little-river-road/index.html>Tremont&lt;/a&gt;" lat="35.6300" lng="-83.7100" />
        <marker label="&lt;a href=little-river-road/index.html>Elkmont&lt;/a&gt;" lat="35.6555" lng="-83.5800" />
        <marker label="&lt;a href=clingmans-dome-smoky-mountains/index.html>Clingmans Dome&lt;/a&gt;" lat="35.5600" lng="-83.5000" />
        <marker label="&lt;a href=newfound-gap-road/index.html>Newfound Gap&lt;/a&gt;" lat="35.60999921216182" lng="-83.42978954315186" />
        <marker label="&lt;a href=greenbrier/index.html>Greenbrier&lt;/a&gt;" lat="35.7184" lng="-83.3460" />
        <marker label="&lt;a href=cosby-smoky-mountains/index.html>Cosby&lt;/a&gt;" lat="35.7555" lng="-83.2100" />
        <marker label="Big Creek" lat="35.7498" lng="-83.1090" />
        <marker label="&lt;a href=cataloochee/index.html>Cataloochee&lt;/a&gt;" lat="35.6300" lng="-83.0860" />
        <marker label="Balsam Mountain" lat="35.5500" lng="-83.1750" />
        <marker label="&lt;a href=deep-creek/index.html>Deep Creek&lt;/a&gt;" lat="35.4500" lng="-83.4400" />
        <marker label="&lt;a href=fontana-dam/index.html>Fontana Lake&lt;/a&gt;" lat="35.4300" lng="-83.6000" />
</markers>

